cName,PCON11CD,country,region,leave,FishandChipShopsandRestaurants,totalRestaurants,house,salary,publicsector,degree,age,nonukborn,health
Hornsey and Wood Green,E14000752,England,London,0.2498291,116,1998,399995,686.5,17.3,52,43,36.7,85.4
Vauxhall,E14001008,England,London,0.224283962,86,2247,407500,574.9,18.6,48.7,39,41,84.9
Edinburgh North and Leith,S14000023,Scotland,Scotland,0.217955235,155,2500,NA,565.3,23.1,49.5,35,19.3,86.9
Bristol West,E14000602,England,South West,0.207115084,192,2492,210000,562.6,22.9,47.2,37,22.9,87.1
Hackney North and Stoke Newington,E14000720,England,London,0.209495584,74,1448,365000,647.1,12.5,42.1,48,38,83.7
Dulwich and West Norwood,E14000673,England,London,0.220525412,171,2500,344000,705.6,38.7,47.6,41,32.4,85.2
Hackney South and Shoreditch,E14000721,England,London,0.221796833,90,2963,387000,574.9,13.7,41.5,45,40.2,82
Streatham,E14000978,England,London,0.205396741,95,1749,335000,659.6,19.7,46.6,39,38.9,85.5
Battersea,E14000549,England,London,0.230375568,124,3735,515000,704.7,11.7,57.4,38,34.5,88.3
Hampstead and Kilburn,E14000727,England,London,0.234826777,65,1746,585000,711.2,21.4,54,43,45.9,85.4
Islington North,E14000763,England,London,0.216111236,95,2446,415000,617,31.5,48.8,41,34.6,82
Edinburgh South,S14000024,Scotland,Scotland,0.221533874,133,1750,NA,643.7,38.2,46.9,47,15.3,87.3
Lewisham Deptford,E14000789,England,London,0.246692965,143,1999,265000,591.8,23.7,41.6,45,39,84.3
Tooting,E14000998,England,London,0.253201744,82,1748,414000,688.7,44.2,51.4,38,34.7,86.6
Brighton Pavilion,E14000598,England,South East,0.256776314,134,1247,250000,564.8,14.1,40.4,39,15.9,85.3
East Renfrewshire,S14000021,Scotland,Scotland,0.256814189,140,1500,NA,652.5,26.8,35.2,47,4.8,85.6
Islington South and Finsbury,E14000764,England,London,0.282831001,286,13928,529000,719.5,14.1,47.4,37,36.3,82.7
Manchester Withington,E14000809,England,North West,0.263073428,153,1500,190000,574.3,31.8,45.1,39,17.8,83.9
Cambridge,E14000617,England,East of England,0.262252731,117,2241,304995,569.4,12.8,46.8,33,29.6,86.6
East Dunbartonshire,S14000018,Scotland,Scotland,0.267002273,206,1744,NA,595.5,20.5,38.3,43,4.8,85.9
Putney,E14000887,England,London,0.268514131,32,500,454500,745.6,12.4,51.6,41,37.1,87.1
Edinburgh South West,S14000025,Scotland,Scotland,0.278616465,158,2500,NA,535.4,28.3,38.6,41,15.9,86
Liverpool Riverside,E14000793,England,North West,0.268888971,704,5750,124000,505.7,20.1,29.7,42,17.7,80.4
Bermondsey and Old Southwark,E14000553,England,London,0.270040119,96,1748,370000,641.9,18.9,44.5,41,41.9,85.3
Wimbledon,E14001040,England,London,0.293693947,86,1250,461500,766.6,12.5,54.4,36,35.1,88.1
Holborn and St Pancras,E14000750,England,London,0.266587436,186,8458,520000,691.4,12.3,45.2,34,40.3,82.5
Glasgow North,S14000031,Scotland,Scotland,0.216204743,118,1999,NA,539.5,22.4,40.6,31,16.7,83
Richmond Park,E14000896,England,London,0.277038711,175,2500,545000,834.3,17.8,55.2,34,29.9,88.4
Glasgow Central,S14000029,Scotland,Scotland,0.287506085,187,3747,NA,478.4,19.6,34.6,47,24.7,79.8
Ealing Central and Acton,E14000674,England,London,0.291502806,100,1994,417000,674.2,11.7,48.4,46,46.6,85.6
Cities of London and Westminster,E14000639,England,London,0.286318407,357,18615,795000,786.3,11.1,54.5,40,52,86.4
Glasgow South,S14000034,Scotland,Scotland,0.281918886,214,2750,NA,547.4,32.7,31.4,38,9.5,80.4
Edinburgh West,S14000026,Scotland,Scotland,0.287660196,245,3250,NA,532.6,29.8,36.2,32,9,86
Chelsea and Fulham,E14000629,England,London,0.292140209,52,2240,778750,670.8,18.7,53.7,39,43.4,87.3
Glasgow North West,S14000033,Scotland,Scotland,0.31492853,114,1500,NA,582.4,32.8,29.2,40,9.9,78.1
Camberwell and Peckham,E14000615,England,London,0.301969148,153,2499,305000,571.8,31,37.6,44,40.8,83.5
Cardiff Central,W07000050,Wales,Wales,0.303544146,312,2476,165625,482,19.5,33.5,36,18.9,84.6
Sheffield Central,E14000919,England,Yorkshire and The Humber,0.304072173,457,3749,125000,486.1,26.6,32.6,38,22.5,84.7
Edinburgh East,S14000022,Scotland,Scotland,0.276367854,147,2500,NA,527,31.4,35.2,43,19.1,84.4
Finchley and Golders Green,E14000703,England,London,0.309197484,138,2744,435000,651.6,9.8,46.5,38,42.4,85.1
Bethnal Green and Bow,E14000555,England,London,0.309319051,105,3062,330000,600.3,29.2,39.6,39,40.7,82.4
Hammersmith,E14000726,England,London,0.310387782,98,2493,455000,670.8,20.1,47.5,42,44.6,84.7
Kensington,E14000768,England,London,0.313504435,89,3239,980000,848.2,10.3,52.2,40,52.3,86.1
Bath,E14000547,England,South West,0.316927941,103,995,250000,527.8,20.4,38,38,13.8,84.6
Stirling,S14000057,Scotland,Scotland,0.321961127,252,1849,NA,571,21,33.3,40,7.1,84.7
Oxford East,E14000873,England,South East,0.323125515,56,1245,250000,546.5,24.4,37.7,49,27.7,86.3
Aberdeen South,S14000002,Scotland,Scotland,0.323256542,313,3595,NA,584.1,9.2,40.3,40,15.7,87.1
Westminster North,E14001036,England,London,0.329751009,44,1746,615000,711.6,14.2,47.3,39,53.6,82.3
Tottenham,E14001002,England,London,0.237770263,74,1200,261750,478.4,19,29.3,46,52.2,81.1
Twickenham,E14001005,England,London,0.336755609,185,2498,417500,726.7,12.8,49.5,39,21.1,87.4
Hove,E14000755,England,South East,0.339214697,169,1245,249950,502.3,18.6,38.4,36,16,82.7
Poplar and Limehouse,E14000882,England,London,0.341864289,89,2066,321500,711.8,10.1,42.5,27,45.4,84.2
Paisley and Renfrewshire South,S14000053,Scotland,Scotland,0.341897539,262,2250,NA,508.2,42.6,22.5,36,4.8,79.6
Lewisham West and Penge,E14000788,England,London,0.344683806,130,1250,259000,668.8,20.9,37.4,38,27.7,83.1
Greenwich and Woolwich,E14000718,England,London,0.356656796,98,1497,325000,586.7,25.1,40,41,35.8,84.2
Arfon,W07000057,Wales,Wales,0.349074901,162,1018,130000,479.2,37.3,27.9,41,6.8,82.7
Leyton and Wanstead,E14000790,England,London,0.350055049,96,1743,265000,550,25.9,36.3,39,43.1,83.8
East Lothian,S14000020,Scotland,Scotland,0.353955957,232,1877,NA,538.8,25.6,27,40,5.3,83.9
Leeds North West,E14000780,England,Yorkshire and The Humber,0.35397489,335,1746,179950,531.1,14.2,33.3,39,8.6,85.2
Lewisham East,E14000787,England,London,0.354481551,142,1747,250000,604.6,24.2,34.3,41,30,82
Lanark and Hamilton East,S14000042,Scotland,Scotland,0.354668626,249,1452,NA,547.9,34.6,23.6,41,3,79.8
Liverpool Wavertree,E14000795,England,North West,0.358495654,353,2750,120000,530.5,33.3,26.6,43,12.9,78.7
Sheffield Hallam,E14000922,England,Yorkshire and The Humber,0.359007007,272,2249,219000,624.6,26.3,43.6,46,7.4,85.2
Paisley and Renfrewshire North,S14000052,Scotland,Scotland,0.360949483,372,3250,NA,588.6,9.4,23.6,40,3.8,81.8
Inverclyde,S14000038,Scotland,Scotland,0.362034214,189,1389,NA,509.4,31.8,19.7,43,2.6,78.8
Walthamstow,E14001013,England,London,0.334885855,94,1494,250000,526.7,25.5,31.3,34,43,83
Manchester Central,E14000807,England,North West,0.366587346,493,5250,124000,442.6,16.6,29.7,44,30.3,81.7
Motherwell and Wishaw,S14000047,Scotland,Scotland,0.369725268,140,748,NA,481.6,40.5,17.5,40,3.6,78.8
Leeds North East,E14000779,England,Yorkshire and The Humber,0.373261813,177,1248,187000,535.7,24.9,40.7,42,18.1,82.3
Rutherglen and Hamilton West,S14000056,Scotland,Scotland,0.373417415,155,1250,NA,480.8,20,19.7,41,3.8,79
Enfield Southgate,E14000692,England,London,0.378848159,212,2000,335000,586.2,14,38.2,40,34.3,83.2
Glasgow North East,S14000032,Scotland,Scotland,0.406576167,283,3492,NA,444.3,20.4,16.7,43,11,72.8
Manchester Gorton,E14000808,England,North West,0.379048112,211,2000,107500,452.6,23.1,26,42,32.6,81.4
Cumbernauld Kilsyth and Kirkintilloch East,S14000012,Scotland,Scotland,0.379089926,360,2077,NA,519.4,23.8,19.8,38,2.9,81
Midlothian,S14000045,Scotland,Scotland,0.379409695,300,3333,NA,475.5,25.9,21.1,32,4,82.9
East Kilbride Strathaven and Lesmahagow,S14000019,Scotland,Scotland,0.379972179,271,2078,NA,523.9,26.7,22.5,46,3.4,82.4
West Dunbartonshire,S14000059,Scotland,Scotland,0.38005553,166,1518,NA,479.7,39.1,16.5,35,3.1,77.8
St Albans,E14000960,England,East of England,0.380152969,251,2499,335000,670.7,16.6,44.5,43,15,86.3
North East Fife,S14000049,Scotland,Scotland,0.381371964,299,1794,NA,522.6,14.9,33.9,40,10.3,84.8
Oxford West and Abingdon,E14000874,England,South East,0.381809531,111,1885,285000,597.6,13.4,43.4,47,18,86.7
Reading East,E14000889,England,South East,0.382385495,49,1248,232500,556.5,15.3,38.4,41,24.4,87
Dundee East,S14000015,Scotland,Scotland,0.382527563,168,1086,NA,463.9,22.1,26.4,44,5.8,83
South Cambridgeshire,E14000934,England,East of England,0.384437596,298,3914,250000,624.5,26.8,41.8,43,11.9,86.3
Altrincham and Sale West,E14000532,England,North West,0.384687096,166,1000,236000,672.2,7.3,40.3,33,9.5,85
York Central,E14001061,England,Yorkshire and The Humber,0.385330382,557,4004,167000,461.1,26.5,32.7,41,11.8,83.9
West Aberdeenshire and Kincardine,S14000058,Scotland,Scotland,0.386072232,304,3025,NA,638.3,11.4,33.3,45,6.2,89
Coatbridge Chryston and Bellshill,S14000011,Scotland,Scotland,0.387233257,365,2243,NA,490,17.4,17,43,2.7,78.9
Cardiff North,W07000051,Wales,Wales,0.390805434,382,2476,191500,557.4,39.6,37.4,48,8.6,82.9
Hitchin and Harpenden,E14000749,England,East of England,0.397935195,268,2748,300750,726.8,9,43.1,41,10.7,86.9
Ochil and South Perthshire,S14000050,Scotland,Scotland,0.39250284,378,2614,NA,462.5,17.9,27.7,40,4.9,84
Glasgow South West,S14000035,Scotland,Scotland,0.40864367,122,1499,NA,446,28.7,16.2,42,8.7,76.2
Argyll and Bute,S14000005,Scotland,Scotland,0.394323969,96,1136,NA,475.2,30.6,28.9,38,4.9,82.3
Brentford and Isleworth,E14000593,England,London,0.433089032,194,3244,350000,604.8,10.5,42.8,45,42.9,85.6
Kilmarnock and Loudoun,S14000040,Scotland,Scotland,0.396082531,418,2361,NA,537.5,34.8,19.2,31,2.5,80.7
Winchester,E14001041,England,South East,0.397103212,268,2469,315000,584.3,26.3,41,40,10.1,85.8
Dunfermline and West Fife,S14000017,Scotland,Scotland,0.400266948,197,1119,NA,552.5,24.1,24.7,37,4.4,83.6
Airdrie and Shotts,S14000003,Scotland,Scotland,0.400513075,405,1922,NA,482.3,26.2,15.5,46,2.6,78.4
Perth and North Perthshire,S14000054,Scotland,Scotland,0.401714195,162,1321,NA,503.2,26.1,28.7,44,7.6,84.8
Orkney and Shetland,S14000051,Scotland,Scotland,0.402813083,14,57,NA,525,38.1,26.6,37,4.3,86
Norwich South,E14000864,England,East of England,0.403606039,137,1750,158000,458.9,18,30.7,35,13.5,80.5
South West Surrey,E14000953,England,South East,0.40607916,128,1624,335000,727.9,10.2,40.7,35,10.8,86.3
Bristol North West,E14000600,England,South West,0.38852812,218,2241,194000,517.5,27.1,32.4,43,13.4,81.1
Chipping Barnet,E14000636,England,London,0.409297293,225,2499,369950,674.9,26.3,39.3,32,29.2,83.9
Birmingham Ladywood,E14000564,England,West Midlands,0.356226716,460,5737,117000,476.3,26.7,24.9,39,40.3,81
Warwick and Leamington,E14001019,England,West Midlands,0.411285418,233,1749,209000,562.4,19.5,36.9,43,12.7,84.2
Newcastle upon Tyne East,E14000832,England,North East,0.411302026,251,2226,136000,503.8,36.4,28.1,40,12.2,81.6
Dundee West,S14000016,Scotland,Scotland,0.411509893,168,1086,NA,490.1,36.7,25.3,43,10.5,81.9
Guildford,E14000719,England,South East,0.411779251,198,2600,320000,619.1,17.9,40.6,40,17,87.2
Rushcliffe,E14000908,England,East Midlands,0.413078797,364,2494,207500,596.3,22.2,39.9,39,6.9,84.7
Inverness Nairn Badenoch and Strathspey,S14000039,Scotland,Scotland,0.413797489,137,1229,NA,489.9,30.6,28.1,41,7.2,85.2
Harrow West,E14000732,England,London,0.450562432,117,1499,300000,590.9,14.6,38.5,40,46.7,84.4
Kingston and Surbiton,E14000770,England,London,0.415941469,255,2500,315000,670.2,14.4,38.6,37,27.2,85.5
Linlithgow and East Falkirk,S14000043,Scotland,Scotland,0.416080522,424,2662,NA,520.4,21.2,21.5,37,4.3,82.2
Esher and Walton,E14000697,England,South East,0.416252362,243,2498,430000,724.8,8.2,42.8,36,17.4,87.2
Kirkcaldy and Cowdenbeath,S14000041,Scotland,Scotland,0.416631508,264,1495,NA,527.3,31.5,21.4,40,5.1,80.3
Cheadle,E14000627,England,North West,0.426530326,195,1248,200000,564.6,20.9,36.7,44,8.5,83.3
Hendon,E14000741,England,London,0.419350886,115,1997,297000,536.6,24.2,35.2,44,44.1,84.3
Falkirk,S14000028,Scotland,Scotland,0.419914073,384,1998,NA,493.8,39.6,21.2,40,3.5,82
North Ayrshire and Arran,S14000048,Scotland,Scotland,0.42290654,454,2619,NA,514.7,26.3,21.4,34,2.7,79.5
Wokingham,E14001048,England,South East,0.424693352,100,2122,277500,637.6,12.7,40.6,42,12.5,88.1
Leicester South,E14000783,England,East Midlands,0.425820239,156,1748,130000,431.3,22.9,24.8,31,33.8,82.2
Croydon North,E14000655,England,London,0.41168066,177,2250,222000,534.2,22.9,30.5,37,40.8,83
Swansea West,W07000047,Wales,Wales,0.426585298,170,1245,135000,490.4,30.2,27.9,29,12,78.7
City of Chester,E14000640,England,North West,0.427130406,309,2500,177000,537,20.9,33.8,36,7.5,82.4
Central Ayrshire,S14000010,Scotland,Scotland,0.427205817,427,2123,NA,535.6,19,21.5,39,2.7,80.6
Cheltenham,E14000630,England,South West,0.42782417700000003,106,996,205000,531.2,23.6,36.7,40,11.5,84.4
Wirral West,E14001044,England,North West,0.446901996,638,3250,168000,578.8,47.2,32.6,42,4.1,79.7
Nottingham East,E14000865,England,East Midlands,0.428793221,113,1494,92250,430.6,23.8,26,40,24.7,80.5
Brent Central,E14000591,England,London,0.429245549,50,1246,320000,500,13.1,29.8,43,54.2,82.4
Ayr Carrick and Cumnock,S14000006,Scotland,Scotland,0.429868181,141,593,NA,516.5,34.1,21,44,2.9,78.9
Henley,E14000742,England,South East,0.430718163,279,4625,345000,664.6,11.3,38.7,37,9.1,86.1
Brent North,E14000592,England,London,0.430923583,122,1997,288000,558.9,29,32.9,42,59.3,83.1
Aberdeen North,S14000001,Scotland,Scotland,0.430997555,293,3308,NA,538.3,37,29,41,18.9,84
Birmingham Edgbaston,E14000560,England,West Midlands,0.473470705,254,2489,163000,488.1,36.6,32.4,32,19.7,81.2
Berwickshire Roxburgh and Selkirk,S14000008,Scotland,Scotland,0.4320072,130,932,NA,470.4,30.4,25,40,5.1,83.5
Birmingham Hall Green,E14000562,England,West Midlands,0.335687509,246,2000,160000,503.6,18.7,27,42,31.8,79.3
Ross Skye and Lochaber,S14000055,Scotland,Scotland,0.433522127,192,1768,NA,521.8,26.8,28.5,45,5.2,84.3
Brighton Kemptown,E14000597,England,South East,0.434299378,220,1997,235000,525.2,29.1,27,41,13.2,79.1
Birmingham Selly Oak,E14000567,England,West Midlands,0.469074313,250,2248,139500,507.2,24.5,26.9,33,14.3,80.9
Livingston,S14000044,Scotland,Scotland,0.438133367,331,2538,NA,503.2,21,19.9,35,6.2,83.2
Ilford South,E14000760,England,London,0.438741455,198,2250,250000,598.8,29.5,32.5,35,46.6,83.1
Dumfriesshire Clydesdale and Tweeddale,S14000014,Scotland,Scotland,0.43944527,183,1403,NA,500.8,29.4,24.8,40,3.8,82.2
Glasgow East,S14000030,Scotland,Scotland,0.438373141,219,1994,NA,445.9,15.4,12.7,49,5.4,72.9
Woking,E14001047,England,South East,0.440575835,236,2739,272750,624.1,11.4,38,43,19.3,86.5
Ealing Southall,E14000676,England,London,0.418263491,122,1746,282000,518.3,26.3,30.8,35,52.4,82
City of Durham,E14000641,England,North East,0.44350085,786,3604,123750,478.2,36.2,29.3,27,7.1,79.9
Gordon,S14000037,Scotland,Scotland,0.445631884,229,2022,NA,615.8,9.9,28.2,34,5.5,88.2
Tunbridge Wells,E14001004,England,South East,0.447013908,206,2008,250000,647.6,14.1,34.9,42,10.1,85.1
Exeter,E14000698,England,South West,0.447064016,125,1274,182000,434,26.6,27.9,34,11.5,83.1
Na h-Eileanan an Iar,S14000027,Scotland,Scotland,0.439006772,209,1803,NA,461.8,42.2,26.4,45,2.9,81.7
Cardiff West,W07000079,Wales,Wales,0.448370221,258,1734,166000,463.5,29.8,31.6,33,10.2,79.3
York Outer,E14001062,England,Yorkshire and The Humber,0.449163483,621,3750,200000,499.6,9.7,32.1,45,6.4,83.9
Cardiff South and Penarth,W07000080,Wales,Wales,0.449356872,363,2973,147000,481.5,25.1,29.4,43,13.2,79.1
Chesham and Amersham,E14000631,England,South East,0.44984984,247,2991,375000,690.3,14.2,41,39,11.1,86.6
South East Cambridgeshire,E14000937,England,East of England,0.449884375,241,3045,227000,571.8,9.1,34.3,44,11.2,85.1
Nottingham South,E14000867,England,East Midlands,0.464677648,206,2243,125000,453,19.1,25.3,37,22.2,82.7
Sefton Central,E14000916,England,North West,0.451258286,704,2750,167750,556.3,25.6,29.4,28,3,80.3
Canterbury,E14000619,England,South East,0.453403973,166,1248,222111,576.9,17.9,29.7,37,13.3,82.8
Ceredigion,W07000064,Wales,Wales,0.453701374,132,681,162000,435.3,28.5,27.9,39,6,79.2
Hexham,E14000746,England,North East,0.453883671,497,2810,214225,582.6,17.9,35.9,41,3.5,82
Dumfries and Galloway,S14000013,Scotland,Scotland,0.453945129,32,198,NA,442.9,26.1,22,36,3.7,80.4
Maidenhead,E14000803,England,South East,0.454133552,227,3797,320000,665.4,9.9,39.5,44,15.4,86.7
Southport,E14000958,England,North West,0.455067037,43,250,140000,490.9,21.8,27,27,6.8,77.7
Wirral South,E14001043,England,North West,0.465489416,737,4500,157500,548.1,19.6,30.7,44,3.6,81
Romsey and Southampton North,E14000901,England,South East,0.458092773,403,3821,250000,509.1,14.7,34.1,34,12.9,85.2
Pontypridd,W07000075,Wales,Wales,0.458199504,627,2723,122000,501.8,28,25.8,44,4.5,78.4
Tatton,E14000987,England,North West,0.4583063,494,3500,240000,601.5,5.6,37.4,43,6.2,83.1
Croydon South,E14000656,England,London,0.458056749,180,1500,285000,663.2,9.8,35.3,44,19.8,84.6
North East Hampshire,E14000844,England,South East,0.459230385,302,3841,315000,672.9,9.8,38.9,42,9,88.2
Stroud,E14000980,England,South West,0.459874941,317,2552,190000,514.8,13.2,32.1,29,5.4,82.9
Windsor,E14001042,England,South East,0.460850937,221,2862,339475,660.7,7.9,37.7,47,17.3,87.5
Truro and Falmouth,E14001003,England,South West,0.46221336,394,2330,215000,462.1,24.9,31.7,40,5.3,81.4
Witney,E14001046,England,South East,0.463446575,154,2421,245000,575,12.2,32.9,41,8.1,85.3
South West Hertfordshire,E14000951,England,East of England,0.463744066,344,3494,354000,658.2,10,38.2,42,12.2,85.8
Wantage,E14001015,England,South East,0.46432207,161,2196,247500,590.4,13.7,34.9,46,8.8,85.6
Glenrothes,S14000036,Scotland,Scotland,0.464624908,256,1281,NA,455.7,44.5,15.8,36,3.5,79
Kenilworth and Southam,E14000767,England,West Midlands,0.465989048,487,4076,247500,577.7,11.5,38,30,6.9,84.5
Sutton Coldfield,E14000985,England,West Midlands,0.516743769,348,2243,215000,637.7,20,34.9,40,7.4,83.4
Mid Sussex,E14000817,England,South East,0.466889815,245,2249,250000,580.8,17.3,33.5,34,10.2,85.9
East Ham,E14000679,England,London,0.469154263,59,1245,230000,537.4,26,29.8,44,55.5,83.1
Lewes,E14000786,England,South East,0.469681005,398,3249,245000,569.6,20.9,31.4,30,7.1,80.5
Harrogate and Knaresborough,E14000730,England,Yorkshire and The Humber,0.472193662,223,1482,210000,488.4,18.9,34.7,47,9.6,84.1
West Ham,E14001032,England,London,0.473757411,90,2091,230000,500.6,24.5,30.5,32,52,83
Leeds Central,E14000777,England,Yorkshire and The Humber,0.474258377,410,3750,93000,425.5,21.5,21.9,41,21.3,81.5
Westmorland and Lonsdale,E14001037,England,North West,0.474507406,157,1098,206000,475.8,14.8,33.3,41,5.2,82.2
Beckenham,E14000551,England,London,0.483817049,177,1499,330000,759.5,12.9,35.5,31,13.2,85.7
Newbury,E14000830,England,South East,0.475103764,165,2806,249950,568.5,17.4,32.5,32,9.1,86
Mole Valley,E14000824,England,South East,0.475853783,386,3996,390000,687.9,10.1,38.5,36,10.1,85.6
Reigate,E14000893,England,South East,0.477943515,295,2485,285000,724.7,19.9,36.1,41,12.5,85.6
The Cotswolds,E14000991,England,South West,0.477969054,389,3917,270000,506.9,10.4,34.4,39,6.8,83.7
Tynemouth,E14001006,England,North East,0.478410091,343,1728,163000,524.4,24.2,30.6,40,4,79.4
Monmouth,W07000054,Wales,Wales,0.478450301,657,3120,185000,558.1,29.3,33.9,43,4.6,79.4
Garston and Halewood,E14000708,England,North West,0.478778455,485,2750,134995,494.3,13.2,22,33,5.1,76.7
Enfield North,E14000691,England,London,0.492154426,247,2000,249995,568.2,26.7,25.9,36,27.2,82
Epsom and Ewell,E14000694,England,South East,0.479621735,243,2250,350000,636.1,17.2,36.4,43,14.5,86
North Somerset,E14000850,England,South West,0.479673916,278,2997,225000,585.7,14.4,34,35,5.1,83.8
Filton and Bradley Stoke,E14000702,England,South West,0.479785958,329,2739,190000,600.4,22.3,29.6,42,10.3,84.7
Wycombe,E14001056,England,South East,0.480431531,190,2491,247750,576.8,11.7,31.4,43,19,85.7
Angus,S14000004,Scotland,Scotland,0.481327687,200,1330,NA,448.5,27.5,21,32,4.7,83.4
Stockport,E14000969,England,North West,0.467893218,397,2245,135000,514.4,15.4,27.3,42,7.9,79.9
Macclesfield,E14000802,England,North West,0.481571306,270,1747,175000,562.4,19.5,35,32,5.2,82.5
Edmonton,E14000687,England,London,0.455096172,205,2249,229998,508.5,28.4,22.3,33,43,80.5
Pudsey,E14000886,England,Yorkshire and The Humber,0.48352715,563,2746,167000,545.9,15.1,32.4,45,5.4,83.6
Dwyfor Meirionnydd,W07000061,Wales,Wales,0.483668999,213,1080,145000,389.2,22.3,25,42,2.9,79.4
Newcastle upon Tyne Central,E14000831,England,North East,0.483744978,202,1729,124500,477.4,25.7,26.6,31,21.6,79.1
Stretford and Urmston,E14000979,England,North West,0.484676854,241,2000,152500,527.8,12,25.5,42,13.2,79.9
Shipley,E14000925,England,Yorkshire and The Humber,0.522113445,691,3447,148250,521.9,23.3,31.7,44,5.9,82.8
Buckingham,E14000608,England,South East,0.486547127,497,6083,274995,646.2,9.1,35.7,47,7.3,86
Horsham,E14000753,England,South East,0.4866966,196,2181,282500,611.6,12.3,32.2,42,8.8,86.1
East Hampshire,E14000680,England,South East,0.487294201,295,2914,276000,550.9,11.2,34.1,40,8.9,85.3
Ealing North,E14000675,England,London,0.462560922,179,2741,285000,543.4,16.8,30.4,39,46.5,83.1
Bristol East,E14000599,England,South West,0.467952718,159,1497,153500,463.5,19.7,23.1,44,12.7,80.5
Portsmouth South,E14000884,England,South East,0.517630344,109,992,147500,497.5,20.8,26.2,30,16.4,83
Coventry South,E14000651,England,West Midlands,0.48901178,245,1999,139950,523.4,14,26.8,46,22.7,82
Croydon Central,E14000654,England,London,0.503102407,166,2000,225000,569.1,24.2,29.6,43,25.8,82.9
Ruislip Northwood and Pinner,E14000906,England,London,0.490205247,200,2247,385000,672.5,18.1,39.3,44,24.6,84.4
Mitcham and Morden,E14000823,England,London,0.446865238,116,1750,250000,532.5,17.3,28.2,39,40.3,83.3
Bromley and Chislehurst,E14000604,England,London,0.498288693,242,1996,282000,746.5,15.1,33.1,30,15.2,83.4
Chingford and Woodford Green,E14000634,England,London,0.492096412,128,1247,300000,707.6,17,29.4,45,19.8,82.2
Hertford and Stortford,E14000744,England,East of England,0.49213024,331,2995,250000,575,12.6,33.9,37,8.8,86.2
Beaconsfield,E14000550,England,South East,0.492974233,324,3430,370000,659.1,7.1,37,42,13.4,85.8
Bradford West,E14000589,England,Yorkshire and The Humber,0.467408544,636,3700,105000,383,31.5,19.7,41,32.4,79.9
Caithness Sutherland and Easter Ross,S14000009,Scotland,Scotland,0.494353494,38,295,NA,461.3,29.2,21.1,41,3.7,81.7
Bridgend,W07000073,Wales,Wales,0.496508306,201,993,145000,529.3,33.3,26.6,35,4.6,77.8
Loughborough,E14000797,England,East Midlands,0.496691347,137,997,156000,538.4,11.8,27.6,34,12.1,83.5
Bristol South,E14000601,England,South West,0.479528379,184,2247,170000,478.7,18.4,24.3,38,8.3,79.3
Milton Keynes North,E14000821,England,South East,0.498002327,422,3982,187000,498.3,8.7,29.5,36,19.5,85.4
Runnymede and Weybridge,E14000907,England,South East,0.498002617,308,3163,312000,585,12.2,33.8,40,18.1,86.1
Colne Valley,E14000645,England,Yorkshire and The Humber,0.498245959,425,1991,133200,493.9,29,29.8,41,7.6,81.8
Moray,S14000046,Scotland,Scotland,0.498731967,200,1375,NA,434.3,25.8,22.7,43,5.3,85
Wythenshawe and Sale East,E14001059,England,North West,0.498734782,297,2250,142000,437.2,17.5,24.8,34,12,78.7
Gower,W07000046,Wales,Wales,0.501766498,267,1942,150000,562.5,22.4,31.7,41,3.5,79.1
Weaver Vale,E14001024,England,North West,0.50198502,253,1500,150000,513.6,13.7,27.6,41,3.8,81.1
Liverpool West Derby,E14000796,England,North West,0.502827116,403,2000,97750,454.1,47.3,17.2,36,5.8,76.2
Salisbury,E14000912,England,South West,0.503384916,167,1439,220000,521.9,26,32.2,50,8.3,82.9
North Wiltshire,E14000860,England,South West,0.503664327,272,2686,215000,541.5,10.5,32.1,35,6.8,84.9
East Devon,E14000678,England,South West,0.504568879,272,2493,229995,500.4,18.5,31.1,45,5.3,80.8
Harrow East,E14000731,England,London,0.474785845,116,1500,340000,580.7,19.9,32.7,43,46.9,82.4
Banbury,E14000539,England,South East,0.505358953,179,2271,210000,537.4,15.9,27.3,42,11.2,85.1
Chelmsford,E14000628,England,East of England,0.505457255,126,1242,215250,561.1,30.2,29.6,39,9.1,85
High Peak,E14000748,England,East Midlands,0.505480277,279,1656,148000,508.5,23.2,29.4,33,3.6,81.6
Warrington South,E14001018,England,North West,0.506201022,420,1750,169998,575.5,20.4,31.7,47,6.1,84.2
Chichester,E14000633,England,South East,0.506428814,355,2859,270000,503.9,20.8,32.4,39,8.2,82.4
Southampton Test,E14000956,England,South East,0.506528365,190,1996,155569,505,33,26.9,30,21,82.9
Arundel and South Downs,E14000534,England,South East,0.506853836,783,5538,299998,587.6,9.2,33,39,6.7,83.8
Hertsmere,E14000745,England,East of England,0.508365256,325,3000,310000,515.8,10.8,30.8,41,17,84.4
Plymouth Sutton and Devonport,E14000880,England,South West,0.544052353,105,645,140000,458.2,14.9,24.6,40,10.8,80.8
Lancaster and Fleetwood,E14000776,England,North West,0.509139906,274,1317,125000,536.2,26.7,26.5,42,8.2,80.8
Saffron Walden,E14000910,England,East of England,0.509249359,373,3894,290000,613.1,23.1,31.3,43,7.1,85.4
Ynys Mon,W07000041,Wales,Wales,0.509420042,324,1838,142750,444.8,24.7,26.1,41,3.5,78.6
Somerton and Frome,E14000932,England,South West,0.509619902,399,3357,190000,504.1,13.2,28.9,42,5.8,82.3
West Dorset,E14001031,England,South West,0.509966617,216,1753,235000,516.1,30,30.8,45,5.6,80.2
Colchester,E14000644,England,East of England,0.5106418,234,1532,171000,509.9,25.2,26.9,37,13.3,83.9
Huddersfield,E14000756,England,Yorkshire and The Humber,0.510812505,483,2241,111500,448.4,19.5,23.7,38,16.6,79.2
South Norfolk,E14000941,England,East of England,0.511065437,387,3072,182500,507.2,28,27.5,45,4.8,82.3
Stratford-on-Avon,E14000977,England,West Midlands,0.511654288,423,3700,249950,535.7,10.6,33.6,32,6.7,82.8
Central Devon,E14000623,England,South West,0.511788721,263,2142,214995,455.1,11.6,30.9,39,4.9,81.8
Watford,E14001021,England,East of England,0.511840428,337,2999,245000,610.4,34.3,31.6,26,22.1,84.8
Sutton and Cheam,E14000984,England,London,0.512674333,179,1735,255500,586.4,16.4,32.9,31,22,84.8
Derbyshire Dales,E14000664,England,East Midlands,0.512857412,405,3160,222000,505.9,26,33.8,42,3.3,81.8
Blackley and Broughton,E14000571,England,North West,0.513329092,228,2250,100000,407.3,34.2,19.8,28,26.4,77.1
North East Hertfordshire,E14000845,England,East of England,0.513769341,451,3996,240000,626.4,10.1,31.2,39,8.2,84.2
Hazel Grove,E14000738,England,North West,0.522085915,289,1495,170000,527.4,11.5,27.9,42,4,80.2
Devizes,E14000665,England,South West,0.514643908,211,1924,225000,480.3,21.2,28.5,38,9,85.6
South Swindon,E14000947,England,South West,0.515744425,276,2555,155000,524.2,19.6,24.7,43,16.7,83.1
Leicester West,E14000784,England,East Midlands,0.516656347,83,1000,110000,405.5,23.9,19.9,37,23.1,80.5
Brecon and Radnorshire,W07000068,Wales,Wales,0.517243179,361,1465,168000,422.1,30.9,27.8,37,4.6,78
Calder Valley,E14000614,England,Yorkshire and The Humber,0.531642131,788,3470,130000,528.1,10.8,29.9,45,3.9,81.4
Birkenhead,E14000559,England,North West,0.517076065,766,4250,110000,459.1,23,19.9,37,4.7,75.9
Surrey Heath,E14000983,England,South East,0.519961757,325,3736,278000,625,17.4,33.3,44,12.5,86.3
Aylesbury,E14000538,England,South East,0.521016134,260,3479,219950,512.8,25.8,30,40,13,85.3
North East Somerset,E14000846,England,South West,0.521168812,234,2245,207000,495.5,15.6,28.6,39,4.7,83.2
Eddisbury,E14000686,England,North West,0.522328216,450,3381,200000,574.4,27.3,30,35,3.3,81.8
Harborough,E14000728,England,East Midlands,0.522466369,156,1732,165000,489.6,15.9,27.7,42,11.1,83
Mid Bedfordshire,E14000813,England,East of England,0.522609586,311,2989,227000,610.8,13.9,31,43,7.9,85.8
Chippenham,E14000635,England,South West,0.523260983,223,2242,196995,534.6,18.9,29.9,42,6.9,83.4
Vale of Glamorgan,W07000078,Wales,Wales,0.52346426,485,2942,165000,511.4,23.4,27.2,45,4.4,79.9
Broxtowe,E14000607,England,East Midlands,0.524148449,361,2245,140000,550,16.6,30.3,41,8.4,81.3
Knowsley,E14000775,England,North West,0.524393861,712,3250,100000,461.5,19.3,14.3,37,2,74.9
Clwyd West,W07000059,Wales,Wales,0.525325044,241,1450,136750,521.4,32.4,25.9,45,4,77.5
Mid Derbyshire,E14000814,England,East Midlands,0.525330997,316,2249,157000,568.9,17.3,31.3,40,4.1,81.9
Welwyn Hatfield,E14001027,England,East of England,0.525352402,229,2250,245000,589.3,12.2,29.9,42,17.5,84.8
Wealden,E14001023,England,South East,0.525462749,405,3673,250000,609.5,12.8,30.2,34,7.4,83.9
Ilford North,E14000759,England,London,0.525668987,241,2499,272250,614,23.4,30.1,45,30.8,82.2
West Worcestershire,E14001035,England,West Midlands,0.525807091,430,3722,210000,466.5,14,33.7,37,4.8,80.8
Tonbridge and Malling,E14000997,England,South East,0.525855051,429,3728,274225,593.3,13.3,30.4,35,7.5,84.7
Congleton,E14000646,England,North West,0.526540939,203,1500,162000,499.6,14.2,31,46,3.3,82.1
South Northamptonshire,E14000942,England,East Midlands,0.526725841,234,2418,210000,569.1,14.2,31.8,38,7.5,86.6
Reading West,E14000890,England,South East,0.52676687,175,3470,200000,602.8,16.2,27.7,44,17.9,84.2
Eltham,E14000690,England,London,0.518152651,159,1743,250000,659.1,30.7,27.8,40,20.4,81.2
Taunton Deane,E14000988,England,South West,0.529247106,204,1402,180500,501.6,28.5,28.1,33,7.1,81.6
Meon Valley,E14000811,England,South East,0.529288912,405,2934,234500,622.5,9.7,31.8,47,5.7,84.4
Milton Keynes South,E14000822,England,South East,0.5296085,486,4720,185000,562,18.2,27,40,17.7,84.7
Wallasey,E14001010,England,North West,0.499231196,631,3250,115000,473.8,26.6,20.2,40,3.8,77
Salford and Eccles,E14000911,England,North West,0.535934575,337,2499,108750,459.2,23.8,24.7,45,13.8,78.4
Newport West,W07000056,Wales,Wales,0.53006771,412,2213,139998,487.6,36.8,26.5,35,8.5,78.9
Shrewsbury and Atcham,E14000926,England,West Midlands,0.53016796,174,1620,167000,480,28.7,29.3,46,5.6,82
Skipton and Ripon,E14000928,England,Yorkshire and The Humber,0.530334506,648,3436,184100,468.1,12.3,31.5,45,5.7,83.2
Leicester East,E14000782,England,East Midlands,0.531644199,123,1500,125000,391.1,26.1,18.3,43,43.3,78.8
Bracknell,E14000586,England,South East,0.53251042,186,2865,245500,597.1,13.6,30.5,33,12.6,86.4
Huntingdon,E14000757,England,East of England,0.532747146,222,2072,190000,552.8,24.3,28.5,34,11.1,84.5
North East Bedfordshire,E14000841,England,East of England,0.532932601,596,4908,215000,589.3,14,30.1,32,7.3,84.8
Thornbury and Yate,E14000994,England,South West,0.533283905,379,3187,212000,497.2,14.4,28.1,43,4.7,84.1
Aberconwy,W07000058,Wales,Wales,0.533837984,183,1176,155000,496.3,23.4,27.1,39,4.6,79.2
Keighley,E14000766,England,Yorkshire and The Humber,0.533250953,296,1247,142500,493.4,23.9,26.7,38,9.6,81.2
Wells,E14001026,England,South West,0.534930546,416,3304,181500,482.4,12,26.5,42,5.7,80.1
Bournemouth East,E14000584,England,South West,0.535071303,186,2249,202000,502.8,23.2,28.1,34,15.9,81.1
Wolverhampton South West,E14001051,England,West Midlands,0.543675021,362,1852,145000,480.5,11.3,28.6,38,19.6,78.9
Basingstoke,E14000545,England,South East,0.53641913,123,1552,210000,622,14.9,28,40,13,85.6
Bury North,E14000611,England,North West,0.536593443,182,747,121500,526.9,23.4,26.1,34,8.4,80.7
East Worthing and Shoreham,E14000682,England,South East,0.536743486,469,2991,217000,468.2,13.9,23.7,37,7.3,80.5
Worcester,E14001052,England,West Midlands,0.536772433,242,2228,163000,506.3,27.4,27.7,43,8.2,82.4
Bedford,E14000552,England,East of England,0.519491665,175,1493,162500,504.5,23.9,25.1,41,22.7,81.7
Derby North,E14000662,England,East Midlands,0.537381664,177,1499,132250,558,35.9,26.9,46,10.8,80.7
Bury St Edmunds,E14000613,England,East of England,0.537385161,250,1760,181750,496.4,19.4,26.4,41,7.3,83.4
Carmarthen East and Dinefwr,W07000067,Wales,Wales,0.537655347,246,1369,130000,540.6,26.8,25.9,39,3.2,75.3
Tewkesbury,E14000990,England,South West,0.537790386,359,3156,193000,545.2,11.6,29.7,42,6.7,83.2
Liverpool Walton,E14000794,England,North West,0.538036006,564,3000,75000,454.7,43.1,13.3,38,4.9,73.6
Sevenoaks,E14000918,England,South East,0.538611222,329,2500,287500,628.2,11.1,32.5,40,8.6,84.7
Rutland and Melton,E14000909,England,East Midlands,0.53957426,308,2629,186000,502.2,13.5,29.9,46,5.8,84.3
Banff and Buchan,S14000007,Scotland,Scotland,0.540184018,157,1061,NA,488.9,21.5,18.6,48,6.4,83.4
Eastleigh,E14000685,England,South East,0.540191845,451,3743,205000,535.5,14.1,26,40,7,84.3
Wyre and Preston North,E14001057,England,North West,0.540370478,339,1747,165000,505.7,30.9,32,42,5.1,81.3
Broadland,E14000603,England,East of England,0.540607715,280,2219,185000,526.3,9.8,24,38,4,81.3
Totnes,E14001001,England,South West,0.540868698,392,2462,225000,489.6,13.6,28.8,41,5,78.2
Slough,E14000930,England,South East,0.541003798,141,1438,210000,530.9,17.6,25.9,42,39.3,83.8
South Suffolk,E14000946,England,East of England,0.541503232,463,3195,195000,517,13.2,26,39,5,82.4
Birmingham Perry Barr,E14000566,England,West Midlands,0.512173171,286,1990,115000,430.3,20.9,19.2,33,29.8,79.3
East Surrey,E14000681,England,South East,0.541918437,350,3000,295000,610,11.1,31.4,33,9.4,84.9
Neath,W07000069,Wales,Wales,0.542076298,433,2079,102000,457.7,27.6,20.7,44,2.3,73.8
Solihull,E14000931,England,West Midlands,0.533483085,246,1750,202000,613.5,17.9,31.1,41,9.4,82
Erith and Thamesmead,E14000696,England,London,0.543272896,173,1498,182000,523.1,22.6,24.9,40,30.6,83.3
Central Suffolk and North Ipswich,E14000624,England,East of England,0.544885551,441,3076,192000,544.4,16.1,26.7,44,5.5,82.7
North West Hampshire,E14000857,England,South East,0.545254317,271,3208,223000,574.3,16,28.3,40,8.1,84.6
Bury South,E14000612,England,North West,0.545260288,528,2495,125000,476.3,25.5,25.3,43,9,80.1
Sunderland Central,E14000982,England,North East,0.599381653,361,1743,112000,463.4,33.1,21.4,30,7.4,75.8
Richmond (Yorks),E14000895,England,Yorkshire and The Humber,0.54699129,416,2290,189950,479.1,29.2,29.7,44,6.2,83.7
Delyn,W07000042,Wales,Wales,0.5477104,144,856,130000,522.2,29.4,23.8,42,3.6,80.3
Bootle,E14000581,England,North West,0.54876439,694,3250,105995,472,32.1,16.5,37,3,75.8
West Lancashire,E14001033,England,North West,0.549380395,706,2745,160000,490.2,16.7,25.2,43,3.9,80.3
South East Cornwall,E14000938,England,South West,0.549465019,294,1855,175000,459.2,14.1,26.3,47,4,79.3
Leeds West,E14000781,England,Yorkshire and The Humber,0.549770289,371,2248,107500,453,23.7,22,38,9.8,80
North West Durham,E14000856,England,North East,0.549829276,385,1874,104000,492.2,15.2,23.5,31,2.7,76.3
St Ives,E14000964,England,South West,0.551260072,276,1673,209000,389.2,16.3,26.6,35,4.5,78
Caerphilly,W07000076,Wales,Wales,0.55157605,770,3196,125000,470.1,29.7,20.6,36,2.7,75.7
Hemel Hempstead,E14000739,England,East of England,0.551688043,183,1997,230000,552.9,15.5,26.1,32,11.5,83.3
South West Devon,E14000950,England,South West,0.552296083,454,3109,179000,545.3,17.3,28.1,45,4.1,82.4
Bromsgrove,E14000605,England,West Midlands,0.553651279,608,3737,205000,575.2,15.1,30.5,35,4,82.5
Carmarthen West and South Pembrokeshire,W07000066,Wales,Wales,0.553661948,200,1284,158000,429.8,31.6,25,37,4.7,77.2
Penrith and The Border,E14000877,England,North West,0.553668616,186,1009,170000,443.9,18.8,26.9,44,3.2,81.5
Fareham,E14000699,England,South East,0.554141921,185,1246,210000,554.1,17.9,29.5,47,5.7,84.1
Luton South,E14000801,England,East of England,0.554446273,149,1994,153250,496.7,12.5,22.8,43,33.1,83
Llanelli,W07000045,Wales,Wales,0.554835551,176,968,100000,479,26.9,21,49,4.7,74
Haltemprice and Howden,E14000724,England,Yorkshire and The Humber,0.554973644,538,2857,161000,617.6,24.8,30.8,42,3.9,82.7
Bolton West,E14000580,England,North West,0.555387153,558,2241,125000,500.8,11.6,27.3,27,5.2,80.7
Berwick-upon-Tweed,E14000554,England,North East,0.555517331,97,621,155000,503.1,17.2,25.9,43,3.2,78.6
Newark,E14000829,England,East Midlands,0.557533113,300,1987,160000,463.8,18.1,28,46,5.7,81.3
Preseli Pembrokeshire,W07000065,Wales,Wales,0.557690731,159,860,140000,466.7,34.6,25.4,37,4.5,78.8
Suffolk Coastal,E14000981,England,East of England,0.558157142,349,2303,203000,523.4,13.3,26.9,38,5.9,80.3
Maidstone and The Weald,E14000804,England,South East,0.558683046,237,1988,205000,511.2,28.2,27.2,38,11,83.3
New Forest West,E14000828,England,South East,0.558786158,280,2161,265000,514,14.2,28.8,36,6.5,79.4
Vale of Clwyd,W07000060,Wales,Wales,0.559417007,191,1059,121000,431.8,36.9,21.8,46,4.3,76.6
Montgomeryshire,W07000063,Wales,Wales,0.559858487,67,579,150000,425.5,19.6,24.7,38,3.8,80
Orpington,E14000872,England,London,0.575414984,302,2248,290000,630,18.5,28.4,35,10,83.9
Gateshead,E14000709,England,North East,0.560469318,405,2725,117850,499.2,28.5,20.7,46,7.5,75.7
Newton Abbot,E14000835,England,South West,0.56101102,293,1873,190000,447.4,18.4,25.5,45,4.5,79
St Helens South and Whiston,E14000963,England,North West,0.561194302,481,1750,110000,459.7,27,20.3,38,3,76.7
Worthing West,E14001055,England,South East,0.561226606,250,1500,210000,499.8,29.5,25.5,41,8.5,78.2
Wansbeck,E14001014,England,North East,0.561907486,246,1279,111450,449.9,39.1,22.4,43,2.4,75.6
Gedling,E14000710,England,East Midlands,0.561979212,102,997,125000,488.9,22.7,24.3,46,6,80.2
Hastings and Rye,E14000735,England,South East,0.562282331,272,1733,170000,454.9,23.6,21.8,34,8.2,76.8
Carshalton and Wallington,E14000621,England,London,0.563024245,321,3235,245850,575,26.4,27.2,28,17.7,83.7
Blaydon,E14000574,England,North East,0.563187563,762,4207,133973,507,8.8,23,39,2.6,77.3
Uxbridge and South Ruislip,E14001007,England,London,0.563557487,270,2742,274000,593.7,13.2,27.7,42,24.2,84.8
Elmet and Rothwell,E14000689,England,Yorkshire and The Humber,0.563593444,456,2496,175000,555.4,15.5,27.6,40,3.5,81.9
North Dorset,E14000839,England,South West,0.564114766,252,2051,227950,482.1,16.8,27.5,35,6.2,83.2
Thirsk and Malton,E14000993,England,Yorkshire and The Humber,0.564259516,827,4398,180000,435,17.1,28,41,4.3,81.1
Blackburn,E14000570,England,North West,0.537292573,258,1246,95000,430.1,30.3,18.1,47,18.6,77.9
Fylde,E14000706,England,North West,0.56557081,377,1749,165000,574.5,16.4,30,40,4.9,79
Ipswich,E14000761,England,East of England,0.565676598,346,2500,133750,473.9,26.7,21.8,46,12.9,81.6
Chorley,E14000637,England,North West,0.565742818,334,1494,145000,479.2,18,27.8,43,3.7,81.1
Weston-Super-Mare,E14001038,England,South West,0.566609672,351,2970,165000,533.4,18.4,23,40,6.5,78.5
Barrow and Furness,E14000543,England,North West,0.567874112,105,608,115000,538.1,21,22.3,47,3,76.8
Kingswood,E14000774,England,South West,0.56835363,179,1744,178000,524.8,13.7,22.2,42,4.5,83.3
Preston,E14000885,England,North West,0.568512832,255,1496,92000,399.9,30.5,19.3,41,16.2,79.1
South Ribble,E14000943,England,North West,0.568542047,356,1743,155000,517.5,17.5,27.5,44,3.7,81.5
Poole,E14000881,England,South West,0.569432444,263,2242,221500,522,17.5,26.3,44,8.8,80.9
North West Cambridgeshire,E14000855,England,East of England,0.569533401,420,3173,162000,524.2,11.1,25.5,29,10.6,83.9
Cynon Valley,W07000070,Wales,Wales,0.569626626,318,915,75000,499.5,31.9,17.4,38,2.7,73.1
North Devon,E14000838,England,South West,0.570384794,107,1029,191250,433.8,18.5,22.9,42,4.5,80.2
Torridge and West Devon,E14001000,England,South West,0.570744655,243,1793,180000,455.3,16.5,25.3,39,3.8,79.1
Stevenage,E14000968,England,East of England,0.571201914,201,1750,177000,539.6,22.2,23.9,39,11.3,82.9
Newcastle upon Tyne North,E14000833,England,North East,0.571474329,210,1479,149950,479.3,23.7,26.6,42,6.3,78
Stafford,E14000965,England,West Midlands,0.572184257,468,2744,155000,538.8,31.4,28.4,43,6.9,81.8
Southend West,E14000957,England,East of England,0.55074581,116,994,197000,561.9,38,23.7,35,8.2,81.3
Dewsbury,E14000666,England,Yorkshire and The Humber,0.57268447200000006,561,2488,137950,500.3,16.6,22.6,41,9.9,80.8
Oldham East and Saddleworth,E14000870,England,North West,0.599204345,418,1749,118000,491.8,19.5,21.6,39,10,79.2
Lincoln,E14000792,England,East Midlands,0.573115101,197,1046,123500,456.8,25.3,21.9,34,9.3,81
Norwich North,E14000863,England,East of England,0.573218222,336,3593,150000,427.8,17.4,19.8,44,7.3,79.9
Wrexham,W07000044,Wales,Wales,0.573314184,85,642,130000,480.9,31.1,23.8,36,8.7,80
North Swindon,E14000851,England,South West,0.574426724,186,1727,157500,489,14.2,20.8,37,9.3,83.8
Birmingham Erdington,E14000561,England,West Midlands,0.629728917,352,2246,109475,455.2,17.8,16.8,43,15,76.3
Birmingham Northfield,E14000565,England,West Midlands,0.617882451,253,1747,123500,454.9,28.6,19.6,37,8.5,78
Lichfield,E14000791,England,West Midlands,0.575743913,405,2446,179950,588.7,13.8,29.3,32,3.6,81.9
Birmingham Hodge Hill,E14000563,England,West Midlands,0.514841673,255,1750,105000,419.6,45.5,12.1,36,28.8,77.7
Sheffield Heeley,E14000923,England,Yorkshire and The Humber,0.576059191,190,1750,120000,449.9,20.6,21.7,40,7.3,76.9
Eastbourne,E14000684,England,South East,0.57624998,137,996,175000,504.8,24.4,24.4,35,11.5,78.4
Tiverton and Honiton,E14000996,England,South West,0.576250582,259,1940,190000,460.1,14.7,25.3,37,4.8,80.4
Bexhill and Battle,E14000557,England,South East,0.576764398,581,4292,225000,470.1,13.8,25.9,43,6.2,78.4
Rochdale,E14000897,England,North West,0.574500359,315,1247,110000,440.8,25,19,43,15.6,77.4
South West Wiltshire,E14000954,England,South West,0.576870734,203,1880,175000,479.4,15.6,25.1,40,8.3,82.2
Alyn and Deeside,W07000043,Wales,Wales,0.577478829,202,1420,141995,494.7,11.1,21.3,37,4.7,81.8
Ellesmere Port and Neston,E14000688,England,North West,0.577668351,531,3500,143000,460,12.3,23.7,39,4.1,80.4
Bolton North East,E14000578,England,North West,0.577672352,500,1992,110000,421.2,22.5,21.7,31,11.2,78.4
Selby and Ainsty,E14000917,England,Yorkshire and The Humber,0.577882315,915,4587,170000,529.3,11.2,27.8,41,4.6,83.2
Stockton South,E14000971,England,North East,0.578035032,298,1750,142000,535.2,14,27.1,39,5.3,82.3
Halton,E14000725,England,North West,0.57823473,234,1000,121995,452.8,18.1,17.4,38,2.6,78
Bradford East,E14000587,England,Yorkshire and The Humber,0.551578293,820,4450,91250,417.6,23,15.7,31,23,79.5
Bournemouth West,E14000585,England,South West,0.578992607,291,2995,190000,507.1,12.7,23.4,44,13,80.1
Camborne and Redruth,E14000616,England,South West,0.579105962,327,2009,160000,441.3,16.6,22.2,38,4.2,77.8
Mid Dorset and North Poole,E14000815,England,South West,0.57927011,236,1743,240000,497.8,18.2,27.1,32,5.1,83.2
Stone,E14000975,England,West Midlands,0.580424167,497,3202,165000,537.3,11.3,30.4,35,3.2,81.1
Forest of Dean,E14000705,England,South West,0.58066257,377,2607,170000,518.2,15.4,24.6,43,3.9,80.3
Darlington,E14000658,England,North East,0.580684674,168,816,113725,464.9,27.4,22,34,5.5,79.2
Meriden,E14000812,England,West Midlands,0.588084347,439,3250,217000,583.9,14.7,26.2,40,5.7,81.4
Luton North,E14000800,England,East of England,0.582116142,53,748,163000,467.4,39.3,21.8,42,27.1,82.2
South Leicestershire,E14000940,England,East Midlands,0.582165414,382,3747,160000,539.9,11.8,25.7,43,5.5,84
Faversham and Mid Kent,E14000700,England,South East,0.582225593,408,3189,216000,549.6,16.9,25.3,39,6.3,82.7
Aldershot,E14000530,England,South East,0.578977657,127,1494,213000,540.3,9.2,25,41,16.9,85.7
The Wrekin,E14000992,England,West Midlands,0.582479077,383,2843,158000,475.7,25.2,24.7,40,7.7,81.2
North Herefordshire,E14000847,England,West Midlands,0.582501619,187,1712,210000,430.1,11.7,30.1,43,5.7,80.9
North Norfolk,E14000848,England,East of England,0.582538816,176,1231,185000,470.5,14.7,22.6,37,4,76.3
St Helens North,E14000962,England,North West,0.582912107,704,2500,115000,469.1,17.5,20.7,41,2.5,76.9
Charnwood,E14000625,England,East Midlands,0.582944905,238,1997,167250,497.1,22.2,26.3,40,7.7,83.4
Rugby,E14000905,England,West Midlands,0.583676602,376,2496,162000,528,12.6,26.7,42,11.8,82.4
Merthyr Tydfil and Rhymney,W07000071,Wales,Wales,0.584037439,681,2160,82000,434,35.1,16.4,46,3.9,72.1
Crawley,E14000652,England,South East,0.584136714,65,750,205000,550.4,10.9,21.5,44,20.3,83.5
Stalybridge and Hyde,E14000967,England,North West,0.592907293,265,1248,120000,471,20.3,20.1,29,5.5,78.6
Ludlow,E14000799,England,West Midlands,0.585841854,451,3358,189975,514.9,12.3,28.4,45,3.5,80.4
Rossendale and Darwen,E14000902,England,North West,0.585913029,578,2490,112000,451.7,15.8,24.9,44,4.1,79.9
South West Bedfordshire,E14000949,England,East of England,0.586108092,102,1246,180000,506.7,12.2,24.4,42,9,83.8
Gloucester,E14000712,England,South West,0.589001472,128,992,145000,468.8,27.5,21.8,36,10.8,81.8
Warrington North,E14001017,England,North West,0.586475817,377,1500,125000,476.6,12.7,22.7,43,5.3,80.8
Coventry North West,E14000650,England,West Midlands,0.586734704,108,1000,130000,493.9,21.3,22.9,44,16.2,80.6
Ribble Valley,E14000894,England,North West,0.586805144,548,2824,157500,496.9,14.9,30,34,3.6,82.9
Daventry,E14000660,England,East Midlands,0.587585411,306,2672,192500,551.6,11.5,28.6,44,5.6,83.7
Beverley and Holderness,E14000556,England,Yorkshire and The Humber,0.587896089,551,2690,142500,528.1,33.1,27.3,36,3.2,80.5
Islwyn,W07000077,Wales,Wales,0.588666751,606,2212,99999,485.7,22.8,18.1,43,2.1,74.8
Morecambe and Lunesdale,E14000825,England,North West,0.589129428,159,855,129000,462.8,17.1,23.6,30,5,77.9
Mid Worcestershire,E14000818,England,West Midlands,0.589437138,496,3835,190000,488.9,14.2,27.6,42,6,81.9
Sedgefield,E14000915,England,North East,0.589488067,714,3249,109000,501.8,13.5,21.2,32,2.6,75.9
Crewe and Nantwich,E14000653,England,North West,0.5900216,212,1500,136050,492.6,11.8,24.2,42,6.9,81.3
Coventry North East,E14000649,England,West Midlands,0.59225867,210,1749,118000,419.9,32.2,19.3,45,24.4,79.5
Yeovil,E14001060,England,South West,0.592924734,214,1743,165000,472.2,17.5,23,31,6.1,81.1
Chesterfield,E14000632,England,East Midlands,0.593187532,278,1500,125000,492.1,32.6,21.7,42,3.9,76.1
North Tyneside,E14000853,England,North East,0.593653326,485,2716,118250,443.2,11.7,20.2,34,3.9,77
Hayes and Harlington,E14000737,England,London,0.594054459,263,2990,240750,511.1,8,23,35,40.3,83.2
Feltham and Heston,E14000701,England,London,0.559320054,165,2244,236000,518,15.1,25.8,38,43.7,82.5
North Shropshire,E14000849,England,West Midlands,0.594574602,226,2015,162800,479.1,15.6,24.9,27,4.8,81.4
South Dorset,E14000936,England,South West,0.594928107,205,1622,203000,464.9,21,24.1,42,5.5,79.6
New Forest East,E14000827,England,South East,0.595424031,305,2497,223000,558,17.2,25.8,41,5.6,82.5
Northampton South,E14000862,England,East Midlands,0.596112425,202,2000,133500,490.6,22.6,22.8,32,19.3,82.3
Ashford,E14000536,England,South East,0.596788819,242,2188,195000,493.8,19.1,24.3,44,9.5,82.7
Ogmore,W07000074,Wales,Wales,0.5975247,325,1490,114500,442.5,23.1,18,46,2.4,74.6
Morley and Outwood,E14000826,England,Yorkshire and The Humber,0.597858784,788,3993,131000,532.1,20.2,22.9,43,4.3,81.8
Copeland,E14000647,England,North West,0.598460481,212,1095,122498,662,47.1,23.1,45,3.2,79
Christchurch,E14000638,England,South West,0.598748444,140,998,260000,524.4,13.6,24.9,31,5.5,77.8
Blyth Valley,E14000575,England,North East,0.598803579,258,1232,120000,460.9,13.6,18.7,39,2.3,77.2
Southampton Itchen,E14000955,England,South East,0.59958702,193,1996,160000,461.5,13.5,20.7,34,12.1,81.6
Aberavon,W07000049,Wales,Wales,0.599654508,224,1211,95000,490.3,25.2,16.6,39,2.9,72.8
Kingston upon Hull North,E14000772,England,Yorkshire and The Humber,0.599743353,177,1000,107000,417.9,22.8,18.9,38,10.8,80.3
Corby,E14000648,England,East Midlands,0.60114346,322,2559,149995,490.4,11.6,20.7,37,10.1,82.2
North Durham,E14000840,England,North East,0.601344263,429,1996,105000,482.2,18.3,20.2,38,2.2,75.9
Hereford and South Herefordshire,E14000743,England,West Midlands,0.601516969,215,1562,168000,423,19.7,25.2,34,7.5,80.8
Newport East,W07000055,Wales,Wales,0.602546849,307,1473,131500,475.3,15,20.5,40,7.2,78.7
Clwyd South,W07000062,Wales,Wales,0.602582014,139,1132,129995,444,16.6,22.3,42,3.6,79.4
Spelthorne,E14000959,England,South East,0.60299599,215,2245,265000,655.5,13.7,25.9,39,14.1,83.9
Workington,E14001053,England,North West,0.603195409,128,593,131750,512.4,19.1,20.8,40,2.4,78.2
North Cornwall,E14000837,England,South West,0.603202179,209,1215,210000,496,13.8,23,40,4.5,78.5
Barking,E14000540,England,London,0.603300234,82,750,180000,511.7,20,21.8,43,33.6,81.4
South Derbyshire,E14000935,England,East Midlands,0.60351001,567,3991,147500,508.2,14.9,26,41,3.9,82
Batley and Spen,E14000548,England,Yorkshire and The Humber,0.603524543,605,2494,117500,462.5,17.9,19.2,44,9.8,80.1
Halifax,E14000723,England,Yorkshire and The Humber,0.588216533,338,1674,105000,459.1,36.4,19.8,43,11.1,79.9
Rochford and Southend East,E14000899,England,East of England,0.604552041,285,2236,175000,506.2,22.6,19.5,35,10.4,79.2
Carlisle,E14000620,England,North West,0.604879993,168,897,115250,431.1,25.2,20.9,35,5.3,79.8
Mid Norfolk,E14000816,England,East of England,0.605826907,199,1407,167000,488.6,19.8,21.3,42,5.7,80
Bishop Auckland,E14000569,England,North East,0.606224144,442,2084,110000,474.3,22.4,20,46,2.4,75.7
Northampton North,E14000861,England,East Midlands,0.606855735,51,500,135000,426.8,12.9,21.5,31,15.2,81.4
North West Leicestershire,E14000858,England,East Midlands,0.606984777,483,2988,159000,486.4,10.4,24.3,46,3.9,81
Bosworth,E14000583,England,East Midlands,0.607973039,420,2742,150000,479.2,10.6,23.7,32,4,81.9
Witham,E14001045,England,East of England,0.608304675,309,2298,210000,555.8,11.5,23.8,45,5.3,83
Torfaen,W07000053,Wales,Wales,0.608801543,200,722,117000,469.2,30.4,19.3,48,2.6,75.8
Brentwood and Ongar,E14000594,England,East of England,0.608936703,322,2733,280000,655.3,12.9,28.7,42,7.6,84
Leeds East,E14000778,England,Yorkshire and The Humber,0.609085115,167,1498,124950,432,26.3,16.2,44,14.4,78.7
Kettering,E14000769,England,East Midlands,0.609883689,185,1469,135000,531.3,21.6,23.3,31,8.5,82.4
Grantham and Stamford,E14000714,England,East Midlands,0.610124869,144,1166,151498,484.1,15.2,24.8,47,7.5,81.8
Epping Forest,E14000693,England,East of England,0.610737674,353,2999,300000,670.8,16.2,26.3,38,10.4,83.1
Harwich and North Essex,E14000734,England,East of England,0.610746274,385,2393,187500,558,13.7,24.3,33,6.4,81.4
Rhondda,W07000052,Wales,Wales,0.612428866,352,1240,62000,432.4,38.9,14,33,2.1,70.6
Birmingham Yardley,E14000568,England,West Midlands,0.600948076,273,2000,120000,462.9,14.5,16,30,17.9,77.6
Maldon,E14000806,England,East of England,0.613139427,176,1664,225000,585.4,16.6,24.2,33,4.3,83
Penistone and Stocksbridge,E14000876,England,Yorkshire and The Humber,0.613481636,612,3241,135000,545.8,13,24.5,31,2.6,79.3
Scarborough and Whitby,E14000913,England,Yorkshire and The Humber,0.613699703,238,913,140000,493.6,23.8,23,44,5.2,77.7
Redditch,E14000892,England,West Midlands,0.61419735,270,2202,156000,453,15.8,21.7,44,7.7,81.8
Braintree,E14000590,England,East of England,0.614274471,243,1908,192500,573.9,16.9,22,41,6,83.3
Worsley and Eccles South,E14001054,England,North West,0.597911332,395,1747,120000,474.7,15.7,20.3,45,6.4,78.4
Sheffield Brightside and Hillsborough,E14000921,England,Yorkshire and The Humber,0.614393463,250,1999,90000,424.8,31.6,15.5,35,14.7,76.7
Sleaford and North Hykeham,E14000929,England,East Midlands,0.61532469,278,1739,149000,509.7,15.3,26.1,42,5,81
Derby South,E14000663,England,East Midlands,0.616110001,394,2746,112500,507.2,14.5,19.3,39,20.1,78.5
Jarrow,E14000765,England,North East,0.616159689,494,2478,115000,474.9,18.5,19.7,41,2.4,76.4
South Thanet,E14000948,England,South East,0.616340766,421,2247,167000,460,17.6,21.9,42,9,76.8
Newcastle-under-Lyme,E14000834,England,West Midlands,0.616673591,227,1500,125000,478.5,13,22.7,40,6,79.2
Warley,E14001016,England,West Midlands,0.618257099,337,2477,113973,408.6,14.9,18.3,39,23,77.4
Folkestone and Hythe,E14000704,England,South East,0.618355223,382,2724,181000,490.6,20.6,22.2,40,9,78.5
Denton and Reddish,E14000661,England,North West,0.609840282,473,2497,114000,426.1,12.6,17.3,42,5,78.3
Isle of Wight,E14000762,England,South East,0.619463341,378,2501,174000,459.5,21.4,22.6,45,5.2,77.3
Gosport,E14000713,England,South East,0.619747154,61,498,160000,485.8,20.2,23,40,5.9,81.5
Wakefield,E14001009,England,Yorkshire and The Humber,0.627650673,392,1743,124950,433.7,29.5,20.5,42,8.7,78.8
Blaenau Gwent,W07000072,Wales,Wales,0.620280444,493,1719,72000,398.3,26.6,15.2,40,2.2,72.6
Gainsborough,E14000707,England,East Midlands,0.620327016,487,2336,142500,474,18,25.2,41,4,79.9
Swansea East,W07000048,Wales,Wales,0.620992238,209,1743,99999,462.2,37,17.9,42,6,76
Heywood and Middleton,E14000747,England,North West,0.624256116,355,1496,120000,485,13.6,19.8,41,6.5,77.9
North East Derbyshire,E14000843,England,East Midlands,0.621731352,755,4750,145000,536.6,23.6,22.2,40,2.4,77.4
Bridgwater and West Somerset,E14000595,England,South West,0.621904646,288,1976,165000,484.3,21,21.7,38,5.2,79.2
Havant,E14000736,England,South East,0.624505809,158,995,195500,489.9,15.4,22.2,37,5.1,79.7
Torbay,E14000999,England,South West,0.626595107,168,950,156000,419.7,31.5,20.7,39,6,76.5
Bradford South,E14000588,England,Yorkshire and The Humber,0.635612178,435,2200,103000,413.8,13.9,16.1,44,11.2,79
Wigan,E14001039,England,North West,0.627132776,337,1249,115000,457.6,26.6,19.8,45,4.1,77.4
Oldham West and Royton,E14000871,England,North West,0.613082972,357,1750,104500,428,27.5,16.4,42,15.2,77.9
South Shields,E14000944,England,North East,0.620525327,92,495,110000,454.8,36.1,18.6,40,4.2,75.2
Peterborough,E14000878,England,East of England,0.613095947,360,3118,125000,451.7,19.8,17.7,41,24.6,80.4
Wellingborough,E14001025,England,East Midlands,0.629385766,172,1499,134000,455.9,11.3,19.7,40,10.6,80.9
Rochester and Strood,E14000898,England,South East,0.63688123,206,1499,172000,583.4,20.3,20.5,42,9.3,82.2
Dover,E14000670,England,South East,0.631298699,329,1986,160000,538.3,25.8,20.7,38,7.5,78.5
Wyre Forest,E14001058,England,West Midlands,0.631454747,395,2377,150000,468.2,16.9,22.1,42,3.9,78.8
Pendle,E14000875,England,North West,0.631542958,432,1999,85000,460.8,13.5,20.2,34,10.9,78
Old Bexley and Sidcup,E14000869,England,London,0.631582314,119,997,249500,666.7,21.8,22.6,38,9.9,83
Waveney,E14001022,England,East of England,0.632098854,228,1121,138000,458.2,19.1,17.1,40,3.8,77.4
West Suffolk,E14001034,England,East of England,0.632605276,254,1739,165000,427.5,13.7,20.2,45,15.8,83.2
Erewash,E14000695,England,East Midlands,0.633037158,213,998,117000,504.6,20.3,18.9,43,3.8,79.1
East Yorkshire,E14000683,England,Yorkshire and The Humber,0.633133693,355,1641,137264,499.2,19.3,22.9,32,3.4,77.6
Bolton South East,E14000579,England,North West,0.634216819,680,2740,81500,408.7,25,16.4,28,15.9,78
Leigh,E14000785,England,North West,0.634528829,446,1748,108250,486.9,14.3,20.2,30,3.9,78.6
St Austell and Newquay,E14000961,England,South West,0.63507999,228,1216,168000,460.9,16,20.6,40,4.1,78.1
Ashton-under-Lyne,E14000537,England,North West,0.618098026,596,2748,94750,430.2,29.3,15.4,41,9.3,77
Walsall South,E14001012,England,West Midlands,0.616352759,531,2229,120823,441,25.3,18.3,42,18.1,77.7
Sherwood,E14000924,England,East Midlands,0.637624516,510,2747,127000,453.7,19.7,20.5,39,2.9,77.9
Dartford,E14000659,England,South East,0.640358001,379,2996,205000,573.9,14.8,22.3,37,10.9,83.3
Gillingham and Rainham,E14000711,England,South East,0.635820896,141,1000,159000,529.2,31,19.1,42,10.2,81.9
Bognor Regis and Littlehampton,E14000576,England,South East,0.642237761,239,1500,195000,427,16.5,20.1,33,9.8,78.4
Staffordshire Moorlands,E14000966,England,West Midlands,0.645823154,481,3160,138000,506.7,15.4,24.1,43,2.3,79.2
Burton,E14000610,England,West Midlands,0.646241364,227,1701,135000,462.3,16.4,22,33,9.2,81.3
Houghton and Sunderland South,E14000754,England,North East,0.624341858,387,1743,110000,470.2,21.4,16.7,32,2,74.4
Chatham and Aylesford,E14000626,England,South East,0.64748516,294,2200,159000,517.5,14.6,18.1,42,9.6,82.3
Nuneaton,E14000868,England,West Midlands,0.647546321,215,1247,135000,486.7,24.2,19.4,35,6.7,80.3
Middlesbrough,E14000819,England,North East,0.660836466,417,2250,87000,435.5,34.6,16.9,42,10.6,77.5
North Thanet,E14000852,England,South East,0.649697987,392,2247,173000,495.3,25,19.5,32,6.1,76.4
Makerfield,E14000805,England,North West,0.650009038,407,1499,118000,500,21.1,19.4,42,2.5,78.8
Middlesbrough South and East Cleveland,E14000820,England,North East,0.650028211,444,2134,134950,464.7,24.3,22.4,38,2.7,78.2
Stoke-on-Trent Central,E14000972,England,West Midlands,0.650165631,302,1750,80000,424.3,31.2,17.1,44,11.6,77.3
Bexleyheath and Crayford,E14000558,England,London,0.650495758,208,1748,220000,626,16.9,20.3,36,12,82.2
Stourbridge,E14000976,England,West Midlands,0.636639833,335,1730,142500,522.8,18.3,21.9,40,4.8,79.6
Washington and Sunderland West,E14001020,England,North East,0.618513324,462,2235,108000,428.9,20.5,15.9,42,2.4,76.2
Amber Valley,E14000533,England,East Midlands,0.653392145,332,1749,120000,485.3,20.3,18.7,38,2.7,77.8
South Staffordshire,E14000945,England,West Midlands,0.652428172,995,4953,171250,510.5,17.5,24.5,42,2.8,80.6
Gravesham,E14000715,England,South East,0.65377208,192,1497,188000,536.6,22.2,20,34,14.1,81.5
Nottingham North,E14000866,England,East Midlands,0.63808056,143,1246,84000,381.4,20.9,13.3,28,11.2,76.2
Hyndburn,E14000758,England,North West,0.657517922,205,996,88500,429,17.2,19.5,44,7.3,77.5
Sittingbourne and Sheppey,E14000927,England,South East,0.657612536,171,1248,160000,520,18.4,16.5,45,5.6,79.8
Broxbourne,E14000606,England,East of England,0.658179306,237,2000,240000,603.4,9.9,19.9,28,11.7,83.2
Tamworth,E14000986,England,West Midlands,0.660041137,320,1741,147500,460.2,11.7,19.6,32,3.9,81.1
North West Norfolk,E14000859,England,East of England,0.661405022,246,1173,157000,446.1,25.6,19.5,35,8.3,77.8
Brigg and Goole,E14000596,England,Yorkshire and The Humber,0.662050789,449,2008,124950,566.2,16.8,20.6,35,4.9,79.6
Portsmouth North,E14000883,England,South East,0.636934145,182,1489,160000,474.9,23.8,20.7,28,7.6,82
South West Norfolk,E14000952,England,East of England,0.662516675,288,1481,154000,477.2,12.1,17.7,37,9.7,79.1
Doncaster Central,E14000668,England,Yorkshire and The Humber,0.663199758,717,3000,110000,436,30.3,18.5,35,11.4,78.7
Halesowen and Rowley Regis,E14000722,England,West Midlands,0.663447273,210,989,130000,473.1,11.6,19,28,5.7,78.2
Sheffield South East,E14000920,England,Yorkshire and The Humber,0.664899271,469,3499,110000,434,8.1,16.1,40,8.6,77.3
Stockton North,E14000970,England,North East,0.665002326,427,2500,109973,465,25.5,18.1,41,3.9,77.3
Easington,E14000677,England,North East,0.665730998,288,1247,80000,438.7,20.2,15.3,41,2.2,71.8
Burnley,E14000609,England,North West,0.66612799,160,749,73000,439.9,22.9,18.7,32,7.7,76.6
Blackpool North and Cleveleys,E14000572,England,North West,0.668536538,404,1750,109725,427.2,41.7,17.6,46,4.7,73.9
Rother Valley,E14000903,England,Yorkshire and The Humber,0.667219886,621,3248,130000,515,18.3,20.5,46,2.9,78.5
Basildon and Billericay,E14000544,England,East of England,0.669165671,271,2234,219125,535.3,14.6,20.6,41,7.5,81.8
Telford,E14000989,England,West Midlands,0.670579494,232,2126,130250,443.8,14.9,18.3,36,6.4,79.6
Hemsworth,E14000740,England,Yorkshire and The Humber,0.681255456,532,1992,117500,442,19.4,18.4,43,4.3,75.1
Redcar,E14000891,England,North East,0.675739185,371,1750,115000,473.9,18.6,16.8,45,2.2,75.9
West Bromwich East,E14001029,England,West Midlands,0.675940263,440,1977,120000,481.1,26.1,15.3,40,17.1,76.4
North Warwickshire,E14000854,England,West Midlands,0.677703565,454,2740,132750,498.4,8.5,18.4,34,4.5,79
Romford,E14000900,England,London,0.692856492,278,2245,227500,651.6,28.8,20.6,35,11.3,82.6
Blackpool South,E14000573,England,North West,0.678039136,286,1250,90000,373.1,23.1,14.6,48,5.7,73.8
Kingston upon Hull West and Hessle,E14000773,England,Yorkshire and The Humber,0.678446033,419,2250,92000,440.6,24.4,16.1,38,10.3,77
Rayleigh and Wickford,E14000888,England,East of England,0.678895093,203,1490,220500,606.2,20.1,19.9,40,3.9,83
Wolverhampton North East,E14001049,England,West Midlands,0.677052519,541,2474,106000,407,44.8,15,45,12.3,76.9
Harlow,E14000729,England,East of England,0.680185281,255,2246,185000,479.1,20.2,18.4,43,10.9,81.3
Aldridge-Brownhills,E14000531,England,West Midlands,0.677963496,211,993,155000,470.5,14.7,20.5,46,3.9,78.4
Rotherham,E14000904,England,Yorkshire and The Humber,0.683459631,434,2248,110000,399.4,30.7,14.3,45,9.6,76.3
Bassetlaw,E14000546,England,East Midlands,0.683248597,361,1837,122000,469.5,18.6,19.8,39,4.8,77.3
Barnsley Central,E14000541,England,Yorkshire and The Humber,0.683781588,211,747,96750,477,30.1,17.1,37,4.4,75.8
Cleethorpes,E14000643,England,Yorkshire and The Humber,0.684105982,563,2728,125000,506.3,12.2,19,34,3.4,79.5
Don Valley,E14000667,England,Yorkshire and The Humber,0.685595984,741,3249,120000,519.4,21.9,18.2,52,3.7,77.2
Plymouth Moor View,E14000879,England,South West,0.6644024,110,719,131500,448,37.9,15.7,40,4.7,76.8
Wolverhampton South East,E14001050,England,West Midlands,0.681449563,400,1727,105000,415.4,7.4,13.9,45,15.5,75.6
Cannock Chase,E14000618,England,West Midlands,0.688603531,212,995,125000,457,14.4,17.2,36,2.5,78.8
Scunthorpe,E14000914,England,Yorkshire and The Humber,0.69086341,210,951,105000,461.4,21.7,16.9,40,9.4,79.4
West Bromwich West,E14001030,England,West Midlands,0.691356679,406,1723,100000,428.9,11.8,13.1,45,11.9,76.5
Dudley North,E14000671,England,West Midlands,0.714302256,388,1725,120000,405.3,41.7,17,50,7.1,76.8
Louth and Horncastle,E14000798,England,East Midlands,0.694253371,323,1643,136000,475.6,18.1,19.8,40,3.3,74.3
North East Cambridgeshire,E14000842,England,East of England,0.694460401,303,1841,137250,467.9,14.9,15.9,38,8.5,78
Hornchurch and Upminster,E14000751,England,London,0.694946937,284,2240,249998,616.3,19.3,20,41,9,81
Hartlepool,E14000733,England,North East,0.695683297,252,1250,115495,462.1,23.7,17.6,44,2.8,76
Dagenham and Rainham,E14000657,England,London,0.699260159,287,2247,199995,519.6,21,17.6,38,20.2,80.4
Dudley South,E14000672,England,West Midlands,0.704173185,244,1232,130000,441,17.5,17.2,43,4.2,77.4
Great Grimsby,E14000716,England,Yorkshire and The Humber,0.714466296,236,1211,95000,441.3,21.4,14.5,34,5,78.7
Thurrock,E14000995,England,East of England,0.702591365,201,1492,168000,554,14.9,18.1,43,14.7,83
Bolsover,E14000577,England,East Midlands,0.702722126,576,3000,100000,419.8,15.1,16.3,35,3,74.4
Ashfield,E14000535,England,East Midlands,0.7057585,294,1250,105000,442,23.6,14.6,36,3,75.7
Wentworth and Dearne,E14001028,England,Yorkshire and The Humber,0.689750761,778,3496,115000,450.9,16.3,15.5,42,2.4,74.8
Barnsley East,E14000542,England,Yorkshire and The Humber,0.707779414,421,1494,98000,453.8,18.4,14.8,46,2.9,74.1
Normanton Pontefract and Castleford,E14000836,England,Yorkshire and The Humber,0.692552829,390,1495,115000,431.7,14.7,15,35,3.7,75.5
Stoke-on-Trent South,E14000974,England,West Midlands,0.708479799,133,750,103250,452.8,14.2,15.8,43,5.2,76.7
Mansfield,E14000810,England,East Midlands,0.708629135,356,1748,110000,423.4,21,16.4,39,5.6,75.8
Clacton,E14000642,England,East of England,0.710765738,207,1037,150000,426.4,26.1,13.4,39,4.3,70.9
South Holland and The Deepings,E14000939,England,East Midlands,0.711779596,170,957,140000,467.9,9.5,17.1,52,8.9,78.8
Great Yarmouth,E14000717,England,East of England,0.715049473,113,704,135000,425,21.2,14.2,33,6.5,76.3
Walsall North,E14001011,England,West Midlands,0.741852182,294,1240,105000,421.6,17.5,12.3,44,6.2,75.9
Doncaster North,E14000669,England,Yorkshire and The Humber,0.720605085,429,1657,100750,497.6,20.6,14.3,40,3.1,76.8
Stoke-on-Trent North,E14000973,England,West Midlands,0.721233699,217,1250,92000,398.5,17.3,13.7,46,7,76.1
Kingston upon Hull East,E14000771,England,Yorkshire and The Humber,0.726331543,484,2493,85000,451.6,14.8,12.3,38,3.9,77.2
Castle Point,E14000622,England,East of England,0.726993924,119,743,200000,570.8,21,14.6,46,3.6,79.6
South Basildon and East Thurrock,E14000933,England,East of England,0.73078706,333,2484,170000,551,32.1,15.6,45,6.5,80.9
Boston and Skegness,E14000582,England,East Midlands,0.749607781,191,1051,125000,436.8,18.7,14.4,32,11.3,75.6
